{"CO": {"count": 63866.0, "mean": 3411.817940688316, "std": 13288.327982032079, "min": -9999.99, "25%": 38.8725, "50%": 1863.0, "75%": 4901.1275000000005, "max": 1087031.0, "var": 176579660.55805674, "lower_thr": -7254.509999999999, "upper_thr": 12194.51, "outiler_lower_count": 2607, "outiler_upper_count": 4443}, "NO2": {"count": 63866.0, "mean": 1561.0485699746343, "std": 920.1335054713322, "min": -9999.99, "25%": 1187.17, "50%": 1615.17, "75%": 1923.1275, "max": 8625.5, "var": 846645.6678909622, "lower_thr": 83.2337500000001, "upper_thr": 3027.0637500000003, "outiler_lower_count": 281, "outiler_upper_count": 1513}, "O3": {"count": 63866.0, "mean": -8.396659725049322, "std": 610.2296797228315, "min": -9999.99, "25%": 10.33, "50%": 30.17, "75%": 43.5, "max": 301.33, "var": 372380.26201462955, "lower_thr": -39.425000000000004, "upper_thr": 93.255, "outiler_lower_count": 459, "outiler_upper_count": 24}, "SO2": {"count": 63866.0, "mean": 129.1469401559515, "std": 1662.232182069267, "min": -9999.99, "25%": -672.17, "50%": -85.0, "75%": 243.5, "max": 33635.0, "var": 2763015.827106757, "lower_thr": -2045.6749999999997, "upper_thr": 1617.0049999999999, "outiler_lower_count": 468, "outiler_upper_count": 9392}}